acceleration.x,acceleration.y,acceleration.z,gesture
1.63,0.41,9.36,gesture_1
1.65,0.41,9.38,gesture_1
1.62,0.41,9.32,gesture_1
1.62,0.4,9.33,gesture_1
1.64,0.42,9.34,gesture_1
1.65,0.42,9.33,gesture_1
1.64,0.43,9.33,gesture_1
1.64,0.39,9.36,gesture_1
1.65,0.42,9.34,gesture_1
2.1,0.73,11.1,gesture_1
1.57,0.42,9.27,gesture_1
1.63,0.43,9.35,gesture_1
1.65,0.4,9.31,gesture_1
1.64,0.43,9.33,gesture_1
1.61,0.41,9.34,gesture_1
1.62,0.41,9.35,gesture_1
1.65,0.52,9.77,gesture_1
1.63,0.44,8.78,gesture_1
1.58,0.41,9.35,gesture_1
0.63,0.42,9.37,gesture_1
0.63,0.4,9.33,gesture_1
0.64,0.4,9.34,gesture_1
0.45,0.48,10.01,gesture_1
0.59,0.41,9.4,gesture_1
0.65,0.63,9.94,gesture_1
0.64,0.45,9.32,gesture_1
0.61,0.41,9.3,gesture_1
0.68,0.55,9.82,gesture_1
0.63,0.42,9.31,gesture_1
0.62,0.51,9.51,gesture_1
0.67,0.43,9.37,gesture_1
0.62,0.46,9.35,gesture_1
0.71,0.9,9.9,gesture_1
0.63,0.42,9.31,gesture_1
0.15,-0.99,-0.31,gesture_1
0.57,0.69,8.17,gesture_1
0.61,0.43,9.4,gesture_1
0.54,0.45,9.39,gesture_1
0.66,0.45,9.3,gesture_1
0.63,0.44,9.39,gesture_1
0.52,0.28,10.12,gesture_1
0.61,0.45,9.33,gesture_1
0.54,0.57,9.79,gesture_1
0.63,0.16,9.76,gesture_1
0.62,0.43,9.36,gesture_1
0.58,0.62,9.85,gesture_1
0.62,0.38,9.35,gesture_1
0.62,0.44,9.4,gesture_1
0.64,0.53,9.37,gesture_1
0.62,0.41,9.34,gesture_1
0.59,0.42,9.37,gesture_1
0.6,0.45,9.69,gesture_1
0.63,0.42,9.35,gesture_1
0.53,0.4,10.15,gesture_1
0.98,1.27,9.96,gesture_1
0.6,0.43,9.42,gesture_1
0.54,0.46,9.42,gesture_1
0.58,0.43,9.27,gesture_1
0.48,1.84,1.39,gesture_1
0.66,0.53,9.56,gesture_1
0.62,0.44,9.28,gesture_1
0.83,0.81,9.58,gesture_1
0.63,0.46,9.83,gesture_1
0.62,0.42,9.32,gesture_1
0.53,0.51,9.48,gesture_1
0.72,1.58,8.44,gesture_1
0.6,0.39,9.39,gesture_1
0.66,0.58,9.38,gesture_1
0.63,0.43,9.19,gesture_1
0.59,0.42,9.31,gesture_1
0.62,0.52,9.36,gesture_1
0.67,0.45,9.33,gesture_1
0.61,0.4,9.37,gesture_1
0.53,0.38,9.51,gesture_1
0.68,0.34,8.87,gesture_1
0.62,0.42,9.31,gesture_1
0.72,0.48,9.48,gesture_1
0.64,0.43,9.31,gesture_1
0.62,1.01,9.81,gesture_1
0.55,0.33,9.64,gesture_1
0.59,0.43,9.29,gesture_1
0.56,0.55,9.67,gesture_1
0.66,0.11,8.29,gesture_1
0.6,0.4,9.41,gesture_1
0.6,0.5,9.3,gesture_1
0.61,0.4,9.17,gesture_1
0.6,0.43,9.35,gesture_1
0.61,0.5,9.43,gesture_1
0.59,0.4,9.08,gesture_1
0.1,-1.68,15.07,gesture_1
0.4,0.34,9.61,gesture_1
0.6,0.41,9.31,gesture_1
0.6,3.15,11.79,gesture_1
0.54,0.37,9.82,gesture_1
0.62,0.4,9.33,gesture_1
0.66,0.7,9.76,gesture_1
0.48,-0.25,10.37,gesture_1
0.56,0.43,9.43,gesture_1
0.58,0.65,9.37,gesture_1
0.29,0.07,7.84,gesture_1
0.56,0.39,9.42,gesture_1
0.54,0.42,9.24,gesture_1
0.64,0.23,8.71,gesture_1
0.59,0.41,9.35,gesture_1
0.49,0.32,9.48,gesture_1
0.63,0.4,9.31,gesture_1
0.85,1.27,9.93,gesture_1
0.74,0.46,10.02,gesture_1
0.6,0.43,9.33,gesture_1
0.65,0.65,9.55,gesture_1
0.67,0.79,8.45,gesture_1
0.55,0.36,9.45,gesture_1
0.57,0.55,9.35,gesture_1
0.55,0.38,9.17,gesture_1
0.82,2.59,10.94,gesture_1
0.47,0.4,9.51,gesture_1
0.58,0.43,9.22,gesture_1
0.5,0.57,9.59,gesture_1
0.68,0.46,9.31,gesture_1
0.59,0.4,9.38,gesture_1
0.49,0.41,9.27,gesture_1
0.6,0.39,9.24,gesture_1
0.56,-0.23,13.22,gesture_1
0.48,0.41,9.65,gesture_1
0.6,0.42,9.25,gesture_1
0.6,0.51,9.35,gesture_1
0.66,0.41,9.19,gesture_1
0.6,0.41,9.36,gesture_1
0.53,0.43,9.42,gesture_1
0.6,0.35,9.19,gesture_1
0.17,1.7,11.83,gesture_1
0.23,-0.03,10.26,gesture_1
0.62,0.43,9.38,gesture_1
0.57,0.52,9.34,gesture_1
0.6,0.39,9.27,gesture_1
0.44,1.39,-6.7,gesture_1
0.49,0.33,9.88,gesture_1
0.64,0.42,9.25,gesture_1
0.6,0.56,9.43,gesture_1
0.57,0.36,9.27,gesture_1
0.77,2.82,11.97,gesture_1
0.59,0.66,9.95,gesture_1
0.64,0.44,9.3,gesture_1
0.4,0.4,9.62,gesture_1
0.45,0.04,8.51,gesture_1
1.82,-3.03,-14.2,gesture_1
0.63,0.22,9.78,gesture_1
0.63,0.42,9.24,gesture_1
3.05,-5.61,-8.89,gesture_1
0.5,0.39,9.59,gesture_1
0.6,0.36,9.37,gesture_1
0.39,0.97,9.98,gesture_1
0.47,0.92,8.01,gesture_1
0.61,0.42,9.43,gesture_1
0.71,0.84,9.2,gesture_1
0.63,0.46,9.32,gesture_1
0.6,0.42,9.42,gesture_1
0.54,0.61,9.79,gesture_1
0.62,0.4,9.16,gesture_1
0.89,0.9,10,gesture_1
0.73,0.37,9.9,gesture_1
0.58,0.44,9.33,gesture_1
0.42,-0.4,15.46,gesture_1
0.4,0.79,7.83,gesture_1
0.62,0.41,9.43,gesture_1
0.59,0.68,9.42,gesture_1
0.64,0.48,9.42,gesture_1
0.4,-2.48,18.24,gesture_1
0.78,-1.28,10.13,gesture_1
0.63,0.43,9.32,gesture_1
0.97,0.84,9.91,gesture_1
0.64,0.49,9.38,gesture_1
0.58,0.44,9.37,gesture_1
0.58,0.59,9.24,gesture_1
0.65,0.41,9.72,gesture_1
0.61,0.45,9.36,gesture_1
0.73,0.76,10.2,gesture_1
0.72,0.12,9.97,gesture_1
0.57,0.42,9.42,gesture_1
0.82,1.11,9.67,gesture_1
0.65,0.41,9.22,gesture_1
0.91,2.77,-3.72,gesture_1
0.58,0.42,9.97,gesture_1
0.63,0.47,9.29,gesture_1
0.87,3.04,11.05,gesture_1
0.76,1.12,10.01,gesture_1
0.63,0.44,9.3,gesture_1
0.62,0.76,9.77,gesture_1
0.04,2.34,9.88,gesture_1
0.58,0.4,9.43,gesture_1
0.52,0.62,9.38,gesture_1
0.44,0.15,8.17,gesture_1
0.58,0.43,9.45,gesture_1
0.52,0.46,9.32,gesture_1
0.6,0.29,9.04,gesture_1
0.35,-1.25,15.04,gesture_1
0.49,0.4,9.69,gesture_1
0.58,0.42,9.29,gesture_1
0.6,0.78,10.26,gesture_1
0.73,-0.04,10.42,gesture_1
0.58,0.43,9.37,gesture_1
0.4,0.48,9.75,gesture_1
0.44,0.05,8.03,gesture_1
0.58,0.38,9.44,gesture_1
0.57,0.55,9.39,gesture_1
0.64,0.44,9.23,gesture_1
0.6,0.42,9.39,gesture_1
0.44,0.37,9.45,gesture_1
0.47,0.09,9.05,gesture_1
0.58,0.44,9.33,gesture_1
0.52,0.4,9.47,gesture_1
0.42,-0.24,8.67,gesture_1
0.59,0.44,9.32,gesture_1
0.44,0.41,9.48,gesture_1
0.7,0.46,9.42,gesture_1
0.56,0.5,9.82,gesture_1
0.52,0.45,9.79,gesture_1
0.59,0.46,9.29,gesture_1
0.57,0.7,9.94,gesture_1
0.62,0.96,8.48,gesture_1
0.54,0.38,9.42,gesture_1
0.53,0.64,9.43,gesture_1
0.41,0.06,8.29,gesture_1
0.55,0.45,9.41,gesture_1
0.53,0.48,9.42,gesture_1
0.64,0.41,9.17,gesture_1
0.59,0.47,9.34,gesture_1
0.44,0.23,9.66,gesture_1
0.62,0.45,9.21,gesture_1
0.68,-1.13,17.17,gesture_1
0.63,0.53,10,gesture_1
0.58,0.48,9.3,gesture_1
0.61,0.89,10.26,gesture_1
0.82,-0.17,10.29,gesture_1
0.57,0.43,9.35,gesture_1
0.42,0.5,9.39,gesture_1
0.52,0.6,9.8,gesture_1
0.59,0.5,9.3,gesture_1
0.41,0.64,9.51,gesture_1
0.6,0.33,8.51,gesture_1
0.55,0.42,9.45,gesture_1
0.52,0.44,9.35,gesture_1
0.62,1.38,8.14,gesture_1
0.52,0.41,9.42,gesture_1
0.5,0.51,9.33,gesture_1
0.06,-0.1,9.89,gesture_1
0.55,0.45,9.4,gesture_1
0.39,0.74,9.45,gesture_1
0.37,0.08,8.81,gesture_1
0.57,0.46,9.39,gesture_1
0.44,0.63,9.42,gesture_1
0.55,0.4,9.07,gesture_1
0.56,0.47,9.36,gesture_1
0.46,1.02,10,gesture_1
0.57,0.48,9.18,gesture_1
0.53,0.48,9.44,gesture_1
0.16,2.36,9.32,gesture_1
0.58,0.49,9.11,gesture_1
0.57,0.48,9.35,gesture_1
0.44,0.43,9.3,gesture_1
0.65,0.64,9.92,gesture_1
0.57,0.48,9.38,gesture_1
0.52,0.84,10.55,gesture_1
0.61,-0.12,10.21,gesture_1
0.57,0.47,9.41,gesture_1
0.46,0.51,9.22,gesture_1
0.59,0.49,9.33,gesture_1
0.55,0.43,9.42,gesture_1
0.47,0.55,9.57,gesture_1
0.62,0.5,9.26,gesture_1
0.58,-4.48,19.61,gesture_1
0.31,0.43,9.61,gesture_1
0.53,0.38,9.15,gesture_1
0.58,0.46,9.32,gesture_1
0.38,0.38,9.53,gesture_1
0.59,0.48,9.25,gesture_1
0.75,1.34,9.81,gesture_1
0.51,0.25,10.4,gesture_1
0.55,0.5,9.31,gesture_1
0.36,0.59,9.72,gesture_1
0.59,0.26,10.23,gesture_1
0.56,0.47,9.35,gesture_1
0.38,0.66,9.48,gesture_1
0.35,1.15,9.8,gesture_1
0.56,0.44,9.43,gesture_1
0.38,0.63,9.53,gesture_1
0.59,0.53,8.57,gesture_1
0.56,0.46,9.49,gesture_1
0.53,0.83,9.47,gesture_1
0.59,0.54,9.26,gesture_1
0.02,-5.28,15.3,gesture_1
0.26,-0.26,10.18,gesture_1
0.58,0.49,9.26,gesture_1
0.59,0.86,9.94,gesture_1
0.6,0.53,9.21,gesture_1
0.54,0.5,9.37,gesture_1
0.5,0.61,9.42,gesture_1
0.54,0.49,9.16,gesture_1
0.76,-0.25,12.56,gesture_1
0.51,0.27,10.07,gesture_1
0.56,0.53,9.24,gesture_1
0.41,0.59,9.77,gesture_1
0.61,0.57,9.27,gesture_1
0.82,-0.8,15.37,gesture_1
0.57,0.46,9.9,gesture_1
0.54,0.52,9.32,gesture_1
0.47,0.77,9.59,gesture_1
0.56,0.53,9.4,gesture_1
0.52,1.07,10.06,gesture_1
0.31,1.02,7.67,gesture_1
0.89,-1.3,-10.62,gesture_1
0.51,0.17,9.79,gesture_1
0.55,0.5,9.36,gesture_1
1.63,0.03,9.38,gesture_2
1.63,0.02,9.34,gesture_2
1.61,0,9.38,gesture_2
0.61,-1.47,9.76,gesture_2
1.61,0.05,9.3,gesture_2
1.63,0.05,9.32,gesture_2
1.61,0.05,9.38,gesture_2
1.61,0.04,9.38,gesture_2
1.61,0.05,9.37,gesture_2
1.55,0.33,10.34,gesture_2
1.61,0.06,9.42,gesture_2
0.46,0.53,11.33,gesture_2
1.66,0.05,9.31,gesture_2
1.64,0.03,9.32,gesture_2
1.96,0.8,10.9,gesture_2
1.98,0.69,10.88,gesture_2
1.62,0.04,9.26,gesture_2
1.62,0.09,9.32,gesture_2
0.56,0.48,9.86,gesture_2
0.67,0.16,9.23,gesture_2
0.24,1.98,11.12,gesture_2
0.6,0.1,9.29,gesture_2
0.65,0.11,9.27,gesture_2
0.09,-0.96,10.55,gesture_2
0.75,0.62,10.3,gesture_2
0.65,0.08,9.33,gesture_2
0.65,0.11,9.47,gesture_2
0.69,0.66,9.9,gesture_2
0.69,0.14,9.26,gesture_2
0.68,0.34,6.42,gesture_2
0.64,0.16,9.38,gesture_2
0.69,0.14,9.28,gesture_2
0.29,-0.12,7.02,gesture_2
0.5,0.42,10.26,gesture_2
0.72,0.2,9.19,gesture_2
0.62,0.12,9.45,gesture_2
0.06,-0.98,10.04,gesture_2
0.65,0.62,10.38,gesture_2
0.66,0.07,9.43,gesture_2
0.61,0.14,9.45,gesture_2
0.71,0.66,10.13,gesture_2
0.74,-1.68,14.9,gesture_2
0.48,-0.05,7,gesture_2
0.63,0.14,9.36,gesture_2
0.81,0.59,10.59,gesture_2
0.6,0.05,9.33,gesture_2
0.86,0.62,10.15,gesture_2
0.63,0.19,9.06,gesture_2
0.61,0.12,9.4,gesture_2
0.69,0.03,8.73,gesture_2
0.71,0.59,10.83,gesture_2
0.71,0.21,9.25,gesture_2
0.6,0.13,9.44,gesture_2
0.36,0,11.05,gesture_2
0.49,1.49,13.12,gesture_2
0.66,0.18,9.56,gesture_2
0.65,0.61,11.26,gesture_2
0.67,0.12,8.97,gesture_2
0.85,0.03,9.26,gesture_2
0.63,0.16,9.37,gesture_2
0.64,0.14,9.25,gesture_2
0.63,0.14,9.36,gesture_2
0.64,0.16,9.37,gesture_2
0.56,0.69,10.35,gesture_2
0.64,0.12,9.31,gesture_2
0.9,-0.09,6.45,gesture_2
0.63,0.18,9.36,gesture_2
0.64,0.15,9.32,gesture_2
0.5,0.41,10.28,gesture_2
0.24,-4.65,-4.79,gesture_2
0.82,0.34,7.17,gesture_2
0.62,0.15,9.4,gesture_2
0.67,0.2,9.26,gesture_2
0.5,0.45,10.35,gesture_2
0.95,0.38,8.6,gesture_2
0.42,0.34,6.92,gesture_2
0.62,0.14,9.42,gesture_2
0.66,0.18,9.24,gesture_2
0.51,-0.04,7.45,gesture_2
0.65,0.58,10.81,gesture_2
0.73,0.16,9.33,gesture_2
0.61,0.13,9.46,gesture_2
0.52,1.17,11.02,gesture_2
0.64,0.16,9.48,gesture_2
0.03,0.16,10.19,gesture_2
0.67,0.17,9.01,gesture_2
0.65,0.16,9.34,gesture_2
0.47,-0.25,11.06,gesture_2
0.7,0.87,10.25,gesture_2
0.61,0.16,9.52,gesture_2
0.64,0.17,9.42,gesture_2
0.02,0.24,-15.69,gesture_2
0.74,0.11,7.9,gesture_2
0.59,0.88,11.11,gesture_2
0.7,0.3,9.08,gesture_2
0.9,1.07,11,gesture_2
0.63,0.2,9.07,gesture_2
0.66,0.2,9.34,gesture_2
0.63,0.16,9.41,gesture_2
0.72,0.87,10.42,gesture_2
0.93,0.91,2.15,gesture_2
0.62,0.2,7.19,gesture_2
0.66,0.2,9.34,gesture_2
0.49,1.14,11.76,gesture_2
0.64,0.1,9.42,gesture_2
0.95,0.32,10.16,gesture_2
0.64,0.21,8.97,gesture_2
0.63,0.17,9.43,gesture_2
0.62,0.21,9.38,gesture_2
0.65,-0.11,8.93,gesture_2
0.6,0.63,10.44,gesture_2
0.64,0.18,9.53,gesture_2
0.61,0.18,9.43,gesture_2
0.67,0.19,9.27,gesture_2
0.41,0.81,11.2,gesture_2
0.79,-0.51,19.61,gesture_2
0.61,0.17,9.59,gesture_2
0.65,0.21,9.32,gesture_2
0.65,0.19,9.25,gesture_2
0.28,0.25,8,gesture_2
0.55,0.93,11.3,gesture_2
0.73,0.27,9.22,gesture_2
0.6,0.2,9.46,gesture_2
0.62,0.23,9.34,gesture_2
0.77,-1.24,11.29,gesture_2
0.8,1.51,10.65,gesture_2
0.61,0.21,9.44,gesture_2
0.61,0.18,9.37,gesture_2
0.66,0.23,9.27,gesture_2
0.73,0.05,9.06,gesture_2
0.57,0.54,10.62,gesture_2
0.61,0.28,9,gesture_2
0.6,0.2,9.44,gesture_2
3.08,-3.73,-19.14,gesture_2
0.65,0.09,8.68,gesture_2
0.52,0.61,10.31,gesture_2
0.64,0.32,9.03,gesture_2
0.61,0.21,9.39,gesture_2
0.4,1.86,9.26,gesture_2
0.65,0.13,9.37,gesture_2
0.38,1.26,10.47,gesture_2
0.66,0.26,8.89,gesture_2
0.61,0.2,9.48,gesture_2
0.49,1.62,11.45,gesture_2
0.65,0.27,9.7,gesture_2
0.41,-0.63,10.61,gesture_2
0.7,0.2,8.82,gesture_2
0.66,0.22,9.4,gesture_2
0.56,0.7,11.11,gesture_2
0.74,0.23,9.43,gesture_2
0.61,0.62,9.94,gesture_2
0.72,0.23,8.93,gesture_2
0.66,0.25,9.37,gesture_2
0.75,0.77,10.88,gesture_2
0.14,1.41,10.49,gesture_2
0.51,0.01,7.46,gesture_2
0.67,0.25,9.33,gesture_2
0.67,0.24,9.29,gesture_2
0.72,0.41,10.76,gesture_2
0.54,0.59,9.57,gesture_2
0.64,0.18,9.6,gesture_2
0.64,0.23,9.5,gesture_2
0.67,0.27,9.18,gesture_2
0.3,0.19,6.39,gesture_2
0.6,0.76,11.16,gesture_2
0.71,0.3,9.39,gesture_2
0.6,0.2,9.5,gesture_2
0.53,1.48,9.78,gesture_2
0.67,0.1,9.33,gesture_2
0.7,0.6,10.38,gesture_2
0.71,0.33,9.16,gesture_2
0.61,0.22,9.52,gesture_2
0.55,0.56,10.09,gesture_2
0.73,0.24,9.42,gesture_2
0.32,-0.18,10.42,gesture_2
0.73,0.29,8.84,gesture_2
0.66,0.26,9.39,gesture_2
4.38,-5.17,-19.61,gesture_2
0.75,0.21,8.85,gesture_2
0.44,0.67,11.23,gesture_2
0.68,0.33,9.15,gesture_2
0.61,0.23,9.47,gesture_2
0.64,0.23,9.35,gesture_2
0.76,0.39,8.21,gesture_2
0.68,0.57,10.17,gesture_2
0.65,0.29,9.47,gesture_2
0.63,0.24,9.42,gesture_2
4.16,-5.35,-3.54,gesture_2
0.66,0.28,9.47,gesture_2
0.63,0.67,10.17,gesture_2
0.66,0.32,9.17,gesture_2
0.63,0.25,9.44,gesture_2
0.62,0.24,9.35,gesture_2
0.62,0.51,10.49,gesture_2
0.68,0.25,9.21,gesture_2
0.23,0.53,6.52,gesture_2
0.63,0.25,9.32,gesture_2
0.66,0.26,9.3,gesture_2
0.03,0.27,10.43,gesture_2
0.94,2.49,13.32,gesture_2
0.61,0.18,9.38,gesture_2
0.64,0.25,9.39,gesture_2
0.68,0.27,9.24,gesture_2
0.55,0.37,8.52,gesture_2
0.71,0.73,10.83,gesture_2
0.7,0.29,9.25,gesture_2
0.61,0.25,9.46,gesture_2
0.82,0.77,10.53,gesture_2
0.64,0.31,9.23,gesture_2
0.83,-0.28,11.34,gesture_2
0.65,0.27,9.17,gesture_2
0.68,0.29,9.31,gesture_2
0.82,1.17,10.89,gesture_2
0.69,0.26,9.07,gesture_2
0.38,0.31,6.62,gesture_2
0.65,0.28,9.4,gesture_2
0.67,0.28,9.28,gesture_2
0.64,0.27,9.36,gesture_2
0.21,0.15,6.24,gesture_2
0.82,1.27,10.36,gesture_2
0.67,0.26,9.54,gesture_2
0.64,0.23,9.44,gesture_2
0.77,0.37,9.11,gesture_2
0.66,0.21,8.79,gesture_2
0.51,0.75,11.3,gesture_2
0.69,0.35,9.19,gesture_2
0.61,0.26,9.52,gesture_2
0.67,0.3,9.31,gesture_2
0.66,0.71,10.45,gesture_2
0.66,0.31,9.18,gesture_2
0.59,0.24,7.75,gesture_2
0.56,0.75,11.45,gesture_2
0.69,0.32,9.25,gesture_2
0.62,0.24,9.5,gesture_2
0.67,0.3,9.32,gesture_2
0.68,0.27,9.28,gesture_2
0.6,0.9,10.5,gesture_2
0.69,0.31,9.21,gesture_2
0.61,0.26,6.12,gesture_2
0.65,0.28,9.28,gesture_2
0.67,0.29,9.29,gesture_2
0.59,0.35,10.29,gesture_2
0.73,0.31,9.27,gesture_2
0.39,0.03,7.43,gesture_2
0.67,0.28,9.25,gesture_2
0.65,0.28,9.3,gesture_2
0.66,0.28,9.41,gesture_2
0.63,0.21,8.73,gesture_2
0.61,0.89,11.06,gesture_2
0.71,0.35,9.23,gesture_2
0.65,0.27,9.46,gesture_2
0.68,0.29,9.3,gesture_2
0.44,0.15,7.44,gesture_2
0.49,0.57,10.54,gesture_2
0.63,0.35,9.16,gesture_2
0.62,0.27,9.43,gesture_2
0.65,0.3,9.35,gesture_2
0.73,1.07,10.87,gesture_2
0.69,0.29,9.28,gesture_2
0.95,-1.02,10.81,gesture_2
0.7,0.3,9.07,gesture_2
0.66,0.28,9.33,gesture_2
0.66,0.27,9.37,gesture_2
0.32,0.39,6.66,gesture_2
0.71,0.85,10.84,gesture_2
0.7,0.3,9.27,gesture_2
0.63,0.27,9.42,gesture_2
0.66,0.31,9.34,gesture_2
0.7,0.83,10.49,gesture_2
0.63,0.34,9.25,gesture_2
0.37,0.47,7.3,gesture_2
0.66,0.31,9.22,gesture_2
0.67,0.31,9.3,gesture_2
0.62,0.27,9.41,gesture_2
0.15,0.43,6.4,gesture_2
0.69,2,11.91,gesture_2
0.65,0.31,9.45,gesture_2
0.63,0.25,9.44,gesture_2
0.06,1.88,12.03,gesture_2
0.7,0.3,9.5,gesture_2
0.36,0.22,7.55,gesture_2
0.68,0.29,9.23,gesture_2
0.65,0.3,9.32,gesture_2
0.65,0.26,9.41,gesture_2
0.67,0.73,10.61,gesture_2
0.73,0.27,9.38,gesture_2
0.56,-0.22,11.59,gesture_2
0.7,0.3,9.12,gesture_2
0.68,0.3,9.33,gesture_2
0.59,0.77,10.45,gesture_2
0.64,0.32,9.19,gesture_2
0.32,0.33,6.57,gesture_2
0.63,0.3,9.35,gesture_2
0.68,0.31,9.28,gesture_2
0.93,0.74,10.64,gesture_2
0.67,0.31,9.19,gesture_2
0.43,0.25,6.88,gesture_2
0.64,0.26,9.34,gesture_2
0.68,0.31,9.28,gesture_2
0.36,2.01,11.87,gesture_2
0.61,0.35,9.5,gesture_2
0.25,1.5,10.57,gesture_2
0.64,0.34,9.02,gesture_2
0.66,0.3,9.38,gesture_2
0.37,0.85,10.1,gesture_2
0.71,0.37,9.6,gesture_2
0.92,0.36,10.27,gesture_2
0.66,0.34,8.85,gesture_2
0.62,0.27,9.38,gesture_2
0.9,1.24,10.51,gesture_2
0.69,0.32,9.33,gesture_2
0.18,1.21,10.36,gesture_2
1.78,0.28,9.32,gesture_3
1.78,0.28,9.31,gesture_3
1.8,0.3,9.31,gesture_3
1.79,0.29,9.34,gesture_3
1.78,0.28,9.36,gesture_3
1.78,0.3,9.32,gesture_3
1.8,0.28,9.34,gesture_3
1.8,0.28,9.31,gesture_3
1.77,0.28,9.31,gesture_3
1.8,0.3,9.32,gesture_3
1.77,0.33,9.35,gesture_3
1.82,0.33,9.15,gesture_3
1.78,0.31,9.31,gesture_3
2.09,-0.47,11.43,gesture_3
1.76,0.31,9.29,gesture_3
1.75,0.3,9.3,gesture_3
1.76,0.31,9.31,gesture_3
1.73,0.21,9.59,gesture_3
1.74,0.25,9.56,gesture_3
1.77,0.32,9.29,gesture_3
0.8,0.34,9.32,gesture_3
0.83,0.39,9.55,gesture_3
0.64,-0.12,9.51,gesture_3
0.79,0.34,9.35,gesture_3
0.79,0.31,9.33,gesture_3
0.77,0.4,9.38,gesture_3
0.81,0.33,9.14,gesture_3
0.77,0.31,9.33,gesture_3
0.79,0.33,9.3,gesture_3
0.71,0.38,9.35,gesture_3
0.77,0.35,9.23,gesture_3
0.77,0.32,9.34,gesture_3
0.76,0.37,9.65,gesture_3
0.74,-0.08,9.67,gesture_3
0.77,0.32,9.36,gesture_3
0.8,0.31,9.32,gesture_3
0.82,0.32,9.34,gesture_3
0.81,0.46,9.12,gesture_3
0.79,0.33,9.32,gesture_3
0.55,1.61,3.31,gesture_3
0.74,0.35,9.36,gesture_3
0.78,0.3,9.26,gesture_3
0.77,0.32,9.3,gesture_3
0.79,0.46,9.78,gesture_3
0.77,-0.03,9.62,gesture_3
0.75,0.34,9.38,gesture_3
0.8,0.32,9.34,gesture_3
0.74,0.36,9.47,gesture_3
0.8,0.4,9.23,gesture_3
0.78,0.32,9.32,gesture_3
0.35,-0.17,14.14,gesture_3
0.74,0.17,9.47,gesture_3
0.77,0.31,9.24,gesture_3
0.8,0.31,9.31,gesture_3
0.79,0.37,9.44,gesture_3
0.73,0.8,8.77,gesture_3
0.75,0.33,9.34,gesture_3
0.01,1.57,7.31,gesture_3
0.72,0.19,9.43,gesture_3
0.79,0.31,9.27,gesture_3
0.79,0.31,9.32,gesture_3
0.8,0.33,9.83,gesture_3
0.76,-0.09,9.85,gesture_3
0.75,0.33,9.37,gesture_3
0.62,3.21,-1.69,gesture_3
0.73,0.3,9.49,gesture_3
0.76,0.32,9.25,gesture_3
0.78,0.31,9.32,gesture_3
0.74,0.37,9.44,gesture_3
0.77,0.41,9.18,gesture_3
0.77,0.33,9.3,gesture_3
0.03,-0.32,10.58,gesture_3
0.84,-0.05,9.75,gesture_3
0.78,0.33,9.37,gesture_3
0.41,-0.96,16.65,gesture_3
0.8,0.09,9.58,gesture_3
0.79,0.37,9.36,gesture_3
0.16,0.79,2.68,gesture_3
0.72,0.2,9.42,gesture_3
0.78,0.31,9.27,gesture_3
0.81,0.32,9.29,gesture_3
0.73,0.3,9.41,gesture_3
0.78,0.33,9.34,gesture_3
0.81,0.33,9.33,gesture_3
0.78,0.37,9.39,gesture_3
0.68,0.62,8.56,gesture_3
0.82,0.34,9.33,gesture_3
0.92,-0.19,9.67,gesture_3
0.73,0.8,8.39,gesture_3
0.77,0.35,9.36,gesture_3
0.38,3.7,0.18,gesture_3
0.78,0.19,9.55,gesture_3
0.78,0.38,9.34,gesture_3
0.82,0.35,9.31,gesture_3
0.76,0.36,9.42,gesture_3
0.81,0.31,9.26,gesture_3
0.8,0.34,9.36,gesture_3
0.78,0.39,9.34,gesture_3
0.82,0.68,8.79,gesture_3
0.78,0.33,9.3,gesture_3
0.22,3.59,0.64,gesture_3
0.72,-0.05,9.56,gesture_3
0.78,0.36,9.32,gesture_3
0.8,0.33,9.31,gesture_3
0.79,0.33,9.43,gesture_3
0.8,0.34,9.3,gesture_3
0.79,0.36,9.33,gesture_3
0.78,0.25,9.76,gesture_3
0.83,0.6,9.05,gesture_3
0.81,0.32,9.33,gesture_3
0.34,-0.05,10.86,gesture_3
0.75,0.23,9.46,gesture_3
0.8,0.36,9.29,gesture_3
0.81,0.36,9.31,gesture_3
0.74,0.32,9.37,gesture_3
0.76,0.39,9.26,gesture_3
0.82,0.36,9.32,gesture_3
0.72,0.29,9.92,gesture_3
0.71,-0.2,9.43,gesture_3
0.81,0.38,9.37,gesture_3
0.8,0.34,9.32,gesture_3
0.71,0.32,9.6,gesture_3
0.83,0.36,9.24,gesture_3
0.83,0.35,9.28,gesture_3
0.74,0.32,9.35,gesture_3
0.9,0.57,9.12,gesture_3
0.82,0.37,9.29,gesture_3
0.72,2.63,4.3,gesture_3
0.69,0.2,9.37,gesture_3
0.79,0.35,9.27,gesture_3
0.83,0.34,9.31,gesture_3
0.74,0.41,9.43,gesture_3
0.89,0.56,9.11,gesture_3
0.8,0.36,9.3,gesture_3
0.97,0.5,9.1,gesture_3
0.74,0.25,9.36,gesture_3
0.8,0.33,9.29,gesture_3
0.78,0.35,9.32,gesture_3
0.81,0.32,9.37,gesture_3
0.79,0.43,9.28,gesture_3
0.79,0.35,9.3,gesture_3
0.8,0.38,9.36,gesture_3
0.72,0.07,9.68,gesture_3
0.79,0.39,9.34,gesture_3
0.81,0.37,9.34,gesture_3
0.75,0.25,9.44,gesture_3
0.75,0.4,9.32,gesture_3
0.77,0.39,9.34,gesture_3
0.86,-0.24,10.1,gesture_3
0.78,0.18,9.49,gesture_3
0.81,0.34,9.53,gesture_3
0.83,0.4,9.04,gesture_3
0.75,0.36,9.41,gesture_3
0.71,0.17,8.58,gesture_3
0.8,0.35,9.33,gesture_3
0.82,0.35,9.33,gesture_3
0.75,0.37,9.42,gesture_3
0.74,0.45,9.22,gesture_3
0.78,0.34,9.3,gesture_3
0.3,0,12.08,gesture_3
0.79,0.06,9.39,gesture_3
0.77,0.39,9.33,gesture_3
0.79,0.38,9.31,gesture_3
0.82,0.38,9.52,gesture_3
0.78,0.4,9.34,gesture_3
0.8,0.4,9.53,gesture_3
0.78,0.15,9.58,gesture_3
0.8,0.14,9.45,gesture_3
0.83,0.38,9.3,gesture_3
0.81,0.35,9.28,gesture_3
0.75,0.35,9.45,gesture_3
0.84,0.67,8.84,gesture_3
0.8,0.33,9.33,gesture_3
0.81,0.37,9.3,gesture_3
0.69,0.12,9.28,gesture_3
0.87,0.34,9.29,gesture_3
0.81,0.35,9.33,gesture_3
0.74,0.31,9.77,gesture_3
0.74,0.48,8.9,gesture_3
0.81,0.35,9.33,gesture_3
0.79,0.35,9.32,gesture_3
0.82,0.48,9.55,gesture_3
0.85,0.37,9.28,gesture_3
0.81,0.37,9.27,gesture_3
0.83,0.28,9.7,gesture_3
0.84,0.46,9.16,gesture_3
0.81,0.36,9.33,gesture_3
0.81,0.38,9.3,gesture_3
0.84,0.45,9.57,gesture_3
0.85,0.3,9.38,gesture_3
0.79,0.36,9.36,gesture_3
0.8,0.35,9.32,gesture_3
0.81,0.29,9.41,gesture_3
0.86,0.35,9.24,gesture_3
0.79,0.37,9.34,gesture_3
0.64,0,9.52,gesture_3
0.75,-0.1,9.53,gesture_3
0.81,0.4,9.32,gesture_3
0.82,0.35,9.32,gesture_3
0.77,0.41,9.34,gesture_3
0.81,0.42,9.32,gesture_3
0.81,0.39,9.31,gesture_3
0.8,0.39,9.32,gesture_3
0.79,0.3,9.38,gesture_3
0.83,0.33,9.28,gesture_3
0.79,0.38,9.34,gesture_3
0.59,0.23,9.65,gesture_3
0.78,0.15,9.48,gesture_3
0.81,0.38,9.37,gesture_3
0.78,0.38,9.31,gesture_3
0.78,0.42,9.44,gesture_3
0.84,0.44,9.22,gesture_3
0.81,0.37,9.3,gesture_3
0.8,0.39,9.31,gesture_3
0.79,0.3,9.48,gesture_3
0.86,0.35,9.27,gesture_3
0.82,0.4,9.3,gesture_3
0.6,-0.59,10.59,gesture_3
0.83,0.08,9.39,gesture_3
0.83,0.39,9.31,gesture_3
0.83,0.38,9.29,gesture_3
0.81,0.26,9.36,gesture_3
0.81,0.41,9.33,gesture_3
0.82,0.37,9.31,gesture_3
0.7,0.14,11.61,gesture_3
0.84,0.28,9.42,gesture_3
0.81,0.33,9.23,gesture_3
0.82,0.35,9.3,gesture_3
0.78,0.25,9.44,gesture_3
0.81,0.39,9.35,gesture_3
0.82,0.37,9.32,gesture_3
0.83,0.32,9.35,gesture_3
0.85,-0.01,9.59,gesture_3
0.84,0.37,9.37,gesture_3
0.82,0.36,9.31,gesture_3
0.8,0.35,9.52,gesture_3
0.87,0.34,9.29,gesture_3
0.83,0.38,9.34,gesture_3
0.87,-1.2,15.49,gesture_3
0.78,0.22,9.55,gesture_3
0.84,0.36,9.27,gesture_3
0.83,0.36,9.28,gesture_3
0.76,0.39,9.47,gesture_3
0.84,0.44,9.22,gesture_3
0.82,0.35,9.29,gesture_3
0.75,0.29,9.36,gesture_3
0.85,0.62,8.85,gesture_3
0.84,0.35,9.35,gesture_3
0.83,0.36,9.35,gesture_3
0.81,0.36,9.31,gesture_3
0.81,0.36,9.32,gesture_3
0.84,0.37,9.31,gesture_3
0.83,0.36,9.31,gesture_3
0.83,0.38,9.32,gesture_3
0.86,0.38,9.29,gesture_3
0.84,0.36,9.31,gesture_3
0.82,0.34,9.29,gesture_3
0.85,0.37,9.31,gesture_3
0.1,-0.59,4.07,gesture_3
0.74,0.28,9.42,gesture_3
0.82,0.38,9.31,gesture_3
0.86,0.36,9.29,gesture_3
0.81,0.39,9.31,gesture_3
0.85,0.76,8.87,gesture_3
0.83,0.35,9.29,gesture_3
0.8,-0.09,8.69,gesture_3
0.81,0.07,9.53,gesture_3
0.82,0.38,9.33,gesture_3
0.83,0.38,9.3,gesture_3
0.8,0.39,9.41,gesture_3
0.81,0.43,9.23,gesture_3
0.82,0.37,9.31,gesture_3
0.73,0.12,9.82,gesture_3
0.74,0.01,9.46,gesture_3
0.83,0.4,9.29,gesture_3
0.83,0.36,9.29,gesture_3
0.79,0.42,9.37,gesture_3
0.89,0.57,9.12,gesture_3
0.82,0.36,9.31,gesture_3
0.06,0.24,11.05,gesture_3
0.8,0.32,9.4,gesture_3
0.83,0.34,9.31,gesture_3
0.8,0.36,9.32,gesture_3
0.78,0.32,9.26,gesture_3
0.77,0.13,9.54,gesture_3
0.81,0.39,9.3,gesture_3
0.98,0.47,15.09,gesture_3
0.75,0.44,9.47,gesture_3
0.85,0.36,9.3,gesture_3
0.81,0.37,9.31,gesture_3
0.97,0.28,9.78,gesture_3
0.79,0.08,9.52,gesture_3
0.81,0.39,9.32,gesture_3
0.83,0.37,9.26,gesture_3
0.77,0.3,9.41,gesture_3
0.84,0.37,9.37,gesture_3
0.82,0.37,9.33,gesture_3
0.48,0.69,9.86,gesture_3
0.82,0.3,9.45,gesture_3
0.84,0.36,9.27,gesture_3
0.82,0.41,9.28,gesture_3
0.81,0.4,9.38,gesture_3
0.9,0.51,9.08,gesture_3
0.83,0.37,9.3,gesture_3
0.83,0.4,9.33,gesture_3
0.8,0.37,9.45,gesture_3
0.79,0.4,9.4,gesture_3
0.8,0.38,9.31,gesture_3
0.82,0.37,9.31,gesture_3
0.81,0.37,9.47,gesture_3
0.83,0.39,9.35,gesture_3
0.83,0.38,9.3,gesture_3
0.76,0.32,9.42,gesture_3
0.79,0.41,9.09,gesture_3
1.94,0.37,9.31,gesture_4
1.94,0.36,9.28,gesture_4
1.76,0.32,9.48,gesture_4
2.03,0.29,9.14,gesture_4
1.93,0.39,9.29,gesture_4
1.83,0.32,9.1,gesture_4
1.82,0.44,9.44,gesture_4
1.93,0.36,9.28,gesture_4
1.91,0.34,9.3,gesture_4
1.73,0.24,9.33,gesture_4
1.78,0.17,8.94,gesture_4
1.9,0.35,9.3,gesture_4
1.49,0.07,9.51,gesture_4
1.76,0.45,9.59,gesture_4
1.91,0.36,9.3,gesture_4
1.91,0.34,9.27,gesture_4
1.75,0.26,9.46,gesture_4
1.8,0.26,8.96,gesture_4
1.91,0.34,9.3,gesture_4
0.74,0.3,9.83,gesture_4
0.78,0.37,9.32,gesture_4
0.96,0.29,9.12,gesture_4
0.88,0.34,9.3,gesture_4
0.78,0.35,9.45,gesture_4
0.04,0.27,8.99,gesture_4
0.89,0.34,9.29,gesture_4
0.27,-0.07,9.79,gesture_4
0.77,0.38,9.62,gesture_4
0.88,0.38,9.31,gesture_4
0.39,0.99,5.89,gesture_4
0.71,0.32,9.38,gesture_4
0.89,0.32,9.32,gesture_4
0.88,0.34,9.33,gesture_4
0.7,0.23,9.47,gesture_4
0,0.19,8.89,gesture_4
0.89,0.33,9.29,gesture_4
0.74,0.39,10.12,gesture_4
0.67,0.58,9.41,gesture_4
0.87,0.34,9.33,gesture_4
0.87,0.36,9.33,gesture_4
0.76,0.43,9.47,gesture_4
0.85,0.35,9.35,gesture_4
0.89,0.35,9.3,gesture_4
0.71,0.26,9.41,gesture_4
0.95,0.26,9,gesture_4
0.85,0.35,9.32,gesture_4
0.87,0.23,9.18,gesture_4
0.94,0.65,9.56,gesture_4
0.85,0.35,9.32,gesture_4
0.35,0.53,6.64,gesture_4
0.76,0.4,9.53,gesture_4
0.87,0.37,9.27,gesture_4
0.87,0.34,9.29,gesture_4
0.65,0.21,9.38,gesture_4
0.96,0.2,9.1,gesture_4
0.85,0.35,9.3,gesture_4
0.76,0.37,9.73,gesture_4
0.78,0.93,9.71,gesture_4
0.86,0.34,9.33,gesture_4
0.87,0.39,9.32,gesture_4
0.78,0.48,9.49,gesture_4
0.88,0.31,9.34,gesture_4
0.85,0.37,9.29,gesture_4
0.71,0.35,9.62,gesture_4
0.66,0.49,8.92,gesture_4
0.87,0.35,9.29,gesture_4
0.86,0.37,9.32,gesture_4
0.7,0.41,9.52,gesture_4
0.93,0.28,9.09,gesture_4
0.86,0.38,9.27,gesture_4
0.76,0.21,9.37,gesture_4
0.8,0.84,9.55,gesture_4
0.88,0.36,9.33,gesture_4
0.41,-0.21,9.38,gesture_4
0.7,0.32,9.55,gesture_4
0.74,0.2,8.83,gesture_4
0.87,0.37,9.28,gesture_4
0.77,0.59,10.18,gesture_4
0.66,0.57,9.41,gesture_4
0.87,0.35,9.37,gesture_4
0.85,0.37,9.31,gesture_4
0.68,0.33,9.41,gesture_4
0.92,0.26,9.07,gesture_4
0.86,0.39,9.29,gesture_4
0.76,0.5,9.82,gesture_4
0.7,0.65,9.45,gesture_4
0.86,0.38,9.34,gesture_4
0.47,-0.37,6.33,gesture_4
0.73,0.38,9.47,gesture_4
0.83,0.37,9.36,gesture_4
0.87,0.37,9.26,gesture_4
0.71,0.3,9.38,gesture_4
0.95,0.3,9.03,gesture_4
0.86,0.37,9.28,gesture_4
0.78,0.53,10.29,gesture_4
0.72,0.44,9.56,gesture_4
0.84,0.36,9.29,gesture_4
0.84,0.37,9.32,gesture_4
0.72,0.29,9.34,gesture_4
0.92,0.29,9.15,gesture_4
0.84,0.37,9.27,gesture_4
0.11,0.53,8.47,gesture_4
0.67,0.27,9.52,gesture_4
0.85,0.32,9.34,gesture_4
0.84,0.36,9.31,gesture_4
0.72,0.54,9.73,gesture_4
0.73,0.66,9.87,gesture_4
0.83,0.36,9.31,gesture_4
0.84,0.39,9.31,gesture_4
0.64,0.33,9.38,gesture_4
0.9,0.29,9.14,gesture_4
0.82,0.38,9.31,gesture_4
0.79,0.54,10.03,gesture_4
0.68,0.49,9.47,gesture_4
0.8,0.36,9.35,gesture_4
0.81,0.39,9.29,gesture_4
0.68,0.28,9.42,gesture_4
0.8,0.2,8.68,gesture_4
0.84,0.37,9.3,gesture_4
0.91,0.2,10.2,gesture_4
0.76,0.39,9.53,gesture_4
0.8,0.39,9.3,gesture_4
0.82,0.4,9.3,gesture_4
0.73,0.43,9.5,gesture_4
0.86,0.28,9.14,gesture_4
0.8,0.39,9.27,gesture_4
0.78,0.27,8.92,gesture_4
0.74,0.61,9.47,gesture_4
0.78,0.38,9.33,gesture_4
0.21,0.78,12.27,gesture_4
0.76,0.47,9.42,gesture_4
0.82,0.33,9.29,gesture_4
0.8,0.39,9.29,gesture_4
0.75,0.37,9.39,gesture_4
0.9,0.1,8.69,gesture_4
0.81,0.39,9.26,gesture_4
0.75,0.58,9.61,gesture_4
0.79,0.56,9.59,gesture_4
0.81,0.37,9.33,gesture_4
0.34,2.2,5.37,gesture_4
0.69,0.34,9.51,gesture_4
0.82,0.36,9.32,gesture_4
0.81,0.37,9.25,gesture_4
0.61,0.27,9.61,gesture_4
0.86,0.25,8.91,gesture_4
0.81,0.36,9.31,gesture_4
0.64,1.07,9.66,gesture_4
0.68,0.52,9.7,gesture_4
0.82,0.37,9.32,gesture_4
0.81,0.38,9.31,gesture_4
0.69,0.39,9.56,gesture_4
0.79,0.33,9.32,gesture_4
0.8,0.36,9.28,gesture_4
0.63,0.41,9.45,gesture_4
0.76,0.18,8.63,gesture_4
0.79,0.38,9.33,gesture_4
0.77,0.19,10.44,gesture_4
0.68,0.35,9.55,gesture_4
0.77,0.36,9.29,gesture_4
0.83,0.39,9.3,gesture_4
0.64,0.22,9.46,gesture_4
0.85,0.3,9.02,gesture_4
0.82,0.37,9.26,gesture_4
0.85,0.44,10.55,gesture_4
0.66,0.55,9.79,gesture_4
0.75,0.36,9.32,gesture_4
0.81,0.36,9.33,gesture_4
0.71,0.27,9.38,gesture_4
0.82,0.32,9.34,gesture_4
0.78,0.37,9.33,gesture_4
0.87,0.14,8.86,gesture_4
0.7,0.42,9.59,gesture_4
0.77,0.34,9.34,gesture_4
0.8,0.37,9.3,gesture_4
0.65,0.33,9.47,gesture_4
0.8,0.33,9.34,gesture_4
0.79,0.36,9.3,gesture_4
0.59,0.18,9.53,gesture_4
0.83,0.32,9.2,gesture_4
0.79,0.35,9.3,gesture_4
0.85,0.41,10.65,gesture_4
0.72,0.48,9.67,gesture_4
0.8,0.37,9.32,gesture_4
0.8,0.35,9.3,gesture_4
0.72,0.35,9.39,gesture_4
0.88,0.31,8.97,gesture_4
0.77,0.35,9.27,gesture_4
0.59,1.48,12.98,gesture_4
0.69,0.42,9.59,gesture_4
0.78,0.36,9.28,gesture_4
0.78,0.35,9.31,gesture_4
0.7,0.38,9.53,gesture_4
0.86,0.33,9.05,gesture_4
0.81,0.36,9.32,gesture_4
0.79,0.28,9.2,gesture_4
0.7,0.6,9.39,gesture_4
0.81,0.34,9.37,gesture_4
0.16,2.23,15.67,gesture_4
0.69,0.52,9.59,gesture_4
0.8,0.37,9.28,gesture_4
0.8,0.36,9.29,gesture_4
0.64,0.44,9.5,gesture_4
0.8,0.3,9.32,gesture_4
0.77,0.36,9.29,gesture_4
0.67,0.4,9.55,gesture_4
0.89,0.2,8.83,gesture_4
0.76,0.35,9.3,gesture_4
0.71,0.39,10.66,gesture_4
0.7,0.55,9.58,gesture_4
0.75,0.36,9.33,gesture_4
0.65,-0.35,6.82,gesture_4
0.72,0.4,9.41,gesture_4
0.78,0.32,9.4,gesture_4
0.79,0.34,9.33,gesture_4
0.72,0.46,9.43,gesture_4
0.87,0.33,9.12,gesture_4
0.81,0.36,9.32,gesture_4
0.63,0.44,10,gesture_4
0.75,0.62,9.48,gesture_4
0.81,0.35,9.36,gesture_4
0.96,0.38,8.26,gesture_4
0.65,0.35,9.5,gesture_4
0.78,0.35,9.39,gesture_4
0.79,0.33,9.32,gesture_4
0.66,0.22,9.28,gesture_4
0.87,0.21,8.93,gesture_4
0.8,0.37,9.29,gesture_4
0.76,0.51,10.11,gesture_4
0.71,0.42,9.56,gesture_4
0.78,0.36,9.3,gesture_4
0.79,0.34,9.34,gesture_4
0.63,0.23,9.41,gesture_4
0.8,0.34,9.39,gesture_4
0.8,0.35,9.32,gesture_4
0.62,0.26,9.76,gesture_4
0.87,0.13,8.66,gesture_4
0.78,0.34,9.32,gesture_4
0.58,-1.97,1.43,gesture_4
0.74,0.57,9.76,gesture_4
0.77,0.37,9.35,gesture_4
0.48,0.75,8.61,gesture_4
0.64,0.31,9.43,gesture_4
0.82,0.31,9.25,gesture_4
0.79,0.37,9.3,gesture_4
0.7,0.34,9.57,gesture_4
0.82,0.17,8.8,gesture_4
0.76,0.37,9.3,gesture_4
0.69,0.46,9.73,gesture_4
0.75,0.09,8.51,gesture_4
0.75,0.34,9.33,gesture_4
0.12,0.38,8.27,gesture_4
0.76,0.46,9.55,gesture_4
0.78,0.33,9.34,gesture_4
0.77,0.35,9.31,gesture_4
0.66,0.39,9.56,gesture_4
0.84,0.33,9.28,gesture_4
0.8,0.36,9.31,gesture_4
0.67,0.29,9.38,gesture_4
0.84,0.56,9.44,gesture_4
0.79,0.35,9.34,gesture_4
0.75,0.36,9.33,gesture_4
0.62,0.36,9.61,gesture_4
0.76,0.35,9.29,gesture_4
0.8,0.35,9.25,gesture_4
0.69,0.3,9.4,gesture_4
0.83,0.3,8.97,gesture_4
0.79,0.34,9.31,gesture_4
0.75,0.32,9.31,gesture_4
0.7,0.43,9.37,gesture_4
0.77,0.35,9.3,gesture_4
0.75,0.36,9.29,gesture_4
0.67,0.31,9.4,gesture_4
0.81,0.33,9.35,gesture_4
0.8,0.35,9.34,gesture_4
0.59,0.36,9.59,gesture_4
0.69,0.37,9.73,gesture_4
0.78,0.34,9.32,gesture_4
0.03,0.04,9.57,gesture_4
0.72,0.52,9.75,gesture_4
0.74,0.34,9.34,gesture_4
1.15,-2.31,3.62,gesture_4
0.72,0.5,9.6,gesture_4
0.75,0.37,9.29,gesture_4
0.77,0.35,9.35,gesture_4
0.61,0.21,9.35,gesture_4
0.81,0.08,8.61,gesture_4
0.79,0.37,9.28,gesture_4
0.42,-0.23,8.94,gesture_4
0.67,0.39,9.48,gesture_4
0.73,0.37,9.31,gesture_4
0.78,0.34,9.33,gesture_4
0.63,0.24,9.36,gesture_4
0.8,0.33,9.17,gesture_4
0.77,0.36,9.33,gesture_4
0.8,0.06,8.71,gesture_4
0.71,0.56,9.34,gesture_4
0.76,0.36,9.37,gesture_4
0.77,0.36,9.34,gesture_4
0.59,0.37,9.62,gesture_4
0.78,0.36,9.29,gesture_4
0.78,0.36,9.24,gesture_4
0.64,0.32,9.62,gesture_4
0.93,0.08,8.71,gesture_4
0.76,0.35,9.29,gesture_4
0.78,0.65,8.93,gesture_4
0.67,0.39,9.51,gesture_4
0.75,0.35,9.29,gesture_4
0.77,0.36,9.28,gesture_4
0.72,0.29,9.44,gesture_4
0.51,0.37,9.3,gesture_4
0.77,0.35,9.36,gesture_4
0.75,0.35,9.35,gesture_4
0.64,0.38,9.48,gesture_4
0.91,-0.53,10.3,gesture_5
1.43,0.48,9.11,gesture_5
1.63,0.16,9.33,gesture_5
1.04,0.49,7.33,gesture_5
1.58,0.11,9.38,gesture_5
1.47,-0.03,9.25,gesture_5
1.57,0.11,9.33,gesture_5
0.58,0.05,7.04,gesture_5
1.53,0.06,9.45,gesture_5
1.58,0.08,9.39,gesture_5
1.56,0.12,9.88,gesture_5
1.46,0.1,9.31,gesture_5
1.4,0.05,9.07,gesture_5
1.57,0.11,9.36,gesture_5
1.56,0.14,9.47,gesture_5
1.66,0.2,9,gesture_5
1.09,0.85,9.58,gesture_5
1.57,0.11,9.39,gesture_5
1.75,0.15,9.53,gesture_5
1.53,0.14,9.38,gesture_5
0.53,0.15,9.39,gesture_5
0.5,0.16,9.36,gesture_5
0.07,0.24,10.12,gesture_5
0.53,0.17,9.41,gesture_5
0.52,0.17,9.35,gesture_5
0.92,-0.99,9.38,gesture_5
0.52,0.13,9.43,gesture_5
0.68,0.08,10.48,gesture_5
0.49,0.17,9.41,gesture_5
0.5,0.12,9.43,gesture_5
0.52,0.14,9.41,gesture_5
0.42,0.09,9.29,gesture_5
0.52,0.1,9.32,gesture_5
0.52,0.14,9.35,gesture_5
0.51,0.09,9.56,gesture_5
0.3,0.04,8.27,gesture_5
0.49,0.11,9.39,gesture_5
0.79,-0.07,9.89,gesture_5
0.5,0.14,9.59,gesture_5
0.5,0.12,9.3,gesture_5
0.5,0.12,9.38,gesture_5
0.44,0.17,9.55,gesture_5
0.51,0.14,9.46,gesture_5
0.51,0.12,9.37,gesture_5
0.51,0.12,9.52,gesture_5
0.2,0.03,10.2,gesture_5
0.5,0.13,9.39,gesture_5
0.54,0.16,9.27,gesture_5
0.53,0.14,9.74,gesture_5
0.53,0.14,9.37,gesture_5
0.86,-0.01,10.61,gesture_5
0.49,0.14,9.59,gesture_5
0.52,0.14,9.31,gesture_5
0.5,0.13,9.36,gesture_5
0.45,0.17,9.5,gesture_5
0.51,0.1,9.39,gesture_5
0.55,0.33,9.56,gesture_5
0.46,0.13,9.71,gesture_5
0.5,0.13,9.38,gesture_5
0.49,0.11,9.39,gesture_5
0.42,1.05,9,gesture_5
0.46,0.31,9.4,gesture_5
0.48,0.34,9.3,gesture_5
0.21,1.42,13.29,gesture_5
0.42,0.28,9.27,gesture_5
0.96,0.14,9.55,gesture_5
0.5,-0.03,9.21,gesture_5
0.32,0.21,9.62,gesture_5
0.2,0.06,9.52,gesture_5
0.61,0.22,9.31,gesture_5
0.98,-0.72,9.35,gesture_5
0.52,0.55,9.39,gesture_5
0.17,0.27,10.21,gesture_5
0.61,0.08,9.27,gesture_5
0.61,0.13,9.36,gesture_5
0.53,0.25,9.3,gesture_5
0.81,0.17,10.08,gesture_5
0.59,0.17,9.4,gesture_5
0.74,0.13,10.33,gesture_5
0.56,0.17,9.47,gesture_5
0.58,0.14,9.42,gesture_5
0.22,1.16,14.62,gesture_5
0.52,0.11,9.34,gesture_5
0.58,0.15,9.29,gesture_5
0.59,0.15,9.39,gesture_5
0.58,0.09,9.53,gesture_5
0.44,0.04,8.6,gesture_5
0.57,0.15,9.36,gesture_5
0.48,0.13,9.55,gesture_5
0.84,0.09,9.83,gesture_5
0.57,0.14,9.34,gesture_5
0.91,-0.14,9.19,gesture_5
0.57,0.19,9.66,gesture_5
0.59,0.16,9.3,gesture_5
0.86,0.17,15.5,gesture_5
0.48,0.13,9.33,gesture_5
0.58,0.15,9.44,gesture_5
0.59,0.15,9.36,gesture_5
0.52,0.14,9.56,gesture_5
0.49,0.07,8.6,gesture_5
0.58,0.14,9.36,gesture_5
0.51,0.13,9.53,gesture_5
0.84,-0.04,9.72,gesture_5
0.61,0.14,9.36,gesture_5
0.11,-0.02,10.47,gesture_5
0.51,0.19,9.57,gesture_5
0.57,0.15,9.38,gesture_5
0.57,0.16,9.38,gesture_5
0.47,0.14,9.46,gesture_5
0.4,0.06,8.23,gesture_5
0.6,0.15,9.35,gesture_5
0.45,0.19,9.27,gesture_5
0.93,0.18,10.08,gesture_5
0.56,0.15,9.42,gesture_5
0.89,0.03,10.82,gesture_5
0.52,0.16,9.49,gesture_5
0.55,0.17,9.38,gesture_5
0.58,0.16,9.36,gesture_5
0.51,0.16,9.37,gesture_5
0.41,0.03,8.18,gesture_5
0.58,0.15,9.36,gesture_5
0.56,0.17,9.39,gesture_5
0.5,0.23,9.74,gesture_5
0.56,0.15,9.32,gesture_5
0.46,0.17,10.2,gesture_5
0.67,0.22,9.84,gesture_5
0.59,0.14,9.25,gesture_5
0.55,0.14,9.35,gesture_5
0.52,0.18,9.59,gesture_5
0.58,0.12,8.76,gesture_5
0.55,0.11,9.31,gesture_5
0.52,0.14,9.36,gesture_5
0.42,0.18,9.46,gesture_5
0.57,0.15,9.35,gesture_5
0.73,0.14,10.13,gesture_5
0.56,0.19,9.4,gesture_5
0.54,0.14,9.45,gesture_5
2.65,-1.67,-3.06,gesture_5
0.46,0.2,9.34,gesture_5
0.4,0.06,8.19,gesture_5
0.56,0.15,9.33,gesture_5
0.4,0.17,9.39,gesture_5
0.42,0.13,9.76,gesture_5
0.6,0.16,9.33,gesture_5
0.47,0.14,9.55,gesture_5
0.61,0.18,9.78,gesture_5
0.58,0.17,9.35,gesture_5
0.48,0.17,10.32,gesture_5
0.55,0.2,9.55,gesture_5
0.48,0.12,8.58,gesture_5
0.54,0.16,9.4,gesture_5
0.5,0.15,9.35,gesture_5
0.52,0.38,9.67,gesture_5
0.59,0.15,9.31,gesture_5
0.41,0.14,9.4,gesture_5
0.46,0.21,9.36,gesture_5
0.55,0.16,9.36,gesture_5
0.57,0.15,9.41,gesture_5
0.42,0.18,9.4,gesture_5
0.77,0.41,9.84,gesture_5
0.6,0.15,9.2,gesture_5
0.41,0.17,10.03,gesture_5
0.51,0.23,9.49,gesture_5
0.6,0.16,9.21,gesture_5
0.55,0.16,9.39,gesture_5
0.52,0.15,9.29,gesture_5
0.53,0.24,9.56,gesture_5
0.54,0.15,9.31,gesture_5
0.94,0.21,9.12,gesture_5
0.47,0.13,9.36,gesture_5
0.41,0.15,8.34,gesture_5
0.53,0.17,9.36,gesture_5
0.51,0.13,9.3,gesture_5
0.52,0.24,9.61,gesture_5
0.55,0.16,9.49,gesture_5
0.89,0.33,9.45,gesture_5
0.51,0.17,9.33,gesture_5
0.4,0.17,9.87,gesture_5
0.56,0.16,9.33,gesture_5
0.56,0.17,9.35,gesture_5
0.72,0.27,9.81,gesture_5
0.56,0.14,9.25,gesture_5
0.51,0.16,9.6,gesture_5
0.55,0.25,9.52,gesture_5
0.56,0.13,8.96,gesture_5
0.04,0.41,9.51,gesture_5
0.45,0.18,9.57,gesture_5
0.69,0.3,10,gesture_5
0.57,0.15,9.23,gesture_5
0.49,0.22,9.82,gesture_5
0.56,0.25,9.56,gesture_5
0.48,0.11,8.68,gesture_5
0.52,0.16,9.37,gesture_5
0.51,0.19,9.39,gesture_5
0.67,0.31,9.77,gesture_5
0.55,0.17,9.34,gesture_5
0.05,0.14,10.09,gesture_5
0.49,0.18,9.32,gesture_5
0.51,0.21,9.14,gesture_5
0.53,0.16,9.38,gesture_5
0.48,0.08,9.48,gesture_5
0.51,0.21,9.43,gesture_5
0.47,0.11,8.73,gesture_5
0.54,0.15,9.35,gesture_5
0.45,0.17,9.36,gesture_5
0.93,0.36,9.56,gesture_5
0.54,0.16,9.33,gesture_5
0.47,0.09,9.58,gesture_5
0.51,0.21,9.6,gesture_5
0.52,0.14,9.37,gesture_5
0.53,0.16,9.38,gesture_5
0.45,0.16,9.56,gesture_5
0.82,0.42,9.68,gesture_5
0.58,0.17,9.24,gesture_5
0.5,0.2,10.25,gesture_5
0.53,0.16,9.6,gesture_5
0.56,0.16,9.36,gesture_5
0.56,0.14,9.38,gesture_5
0.44,0.15,9.36,gesture_5
0.45,0.42,9.87,gesture_5
0.58,0.14,9.21,gesture_5
0.47,0.19,9.5,gesture_5
0.61,0.19,9.69,gesture_5
0.57,0.19,9.36,gesture_5
0.37,0.12,10.3,gesture_5
0.52,0.18,9.44,gesture_5
0.58,0.17,8.86,gesture_5
0.55,0.15,9.38,gesture_5
0.47,0.14,9.27,gesture_5
0.75,0.3,9.84,gesture_5
0.61,0.14,9.21,gesture_5
0.43,0.26,9.83,gesture_5
0.52,0.25,9.48,gesture_5
0.56,0.16,9.18,gesture_5
0.54,0.16,9.39,gesture_5
0.53,0.14,9.25,gesture_5
0.43,0.21,9.6,gesture_5
0.58,0.17,9.38,gesture_5
0.51,0.17,9.21,gesture_5
0.63,0.25,9.8,gesture_5
0.58,0.15,9.22,gesture_5
0.51,0.15,9.78,gesture_5
0.53,0.25,9.7,gesture_5
0.53,0.15,9.41,gesture_5
0.05,0.15,10.04,gesture_5
0.51,0.2,9.43,gesture_5
0.47,0.15,8.56,gesture_5
0.55,0.16,9.37,gesture_5
0.46,0.16,9.39,gesture_5
0.05,0.34,9.74,gesture_5
0.58,0.17,9.24,gesture_5
0.5,0.15,9.57,gesture_5
0.57,0.17,9.58,gesture_5
0.54,0.13,9.36,gesture_5
0.82,0.24,9.88,gesture_5
0.53,0.17,9.35,gesture_5
0.45,0.12,8.21,gesture_5
0.55,0.15,9.4,gesture_5
0.47,0.12,9.66,gesture_5
0.56,0.2,9.62,gesture_5
0.54,0.18,9.3,gesture_5
0.67,0.22,9.48,gesture_5
0.51,0.14,9.48,gesture_5
0.55,0.18,8.8,gesture_5
0.55,0.16,9.35,gesture_5
0.49,0.2,9.44,gesture_5
0.57,0.19,9.46,gesture_5
0.56,0.17,9.12,gesture_5
0.56,0.16,9.42,gesture_5
0.5,0.15,9.51,gesture_5
0.07,0.25,9.21,gesture_5
0.56,0.15,9.33,gesture_5
0.21,0.1,9.8,gesture_5
0.54,0.19,9.5,gesture_5
0.58,0.17,9.02,gesture_5
0.57,0.14,9.35,gesture_5
0.55,0.16,9.33,gesture_5
0.12,0.17,9.91,gesture_5
0.57,0.13,9.22,gesture_5
0.52,0.09,10.41,gesture_5
0.49,0.18,9.42,gesture_5
0.56,0.14,8.62,gesture_5
0.55,0.14,9.36,gesture_5
0.51,0.14,9.33,gesture_5
0.65,0.24,9.88,gesture_5
0.6,0.13,9.25,gesture_5
0.6,0.09,9.74,gesture_5
0.47,0.16,9.36,gesture_5
0.49,0.17,8.43,gesture_5
0.54,0.14,9.38,gesture_5
0.43,0.08,9.58,gesture_5
0.55,0.19,9.54,gesture_5
0.57,0.15,9.43,gesture_5
0.4,0.74,13.72,gesture_5
0.5,0.17,9.38,gesture_5
0.5,0.17,9.93,gesture_5
0.56,0.14,9.39,gesture_5
0.46,0.19,9.86,gesture_5
0.55,0.19,9.47,gesture_5
0.54,0.12,9.42,gesture_5
0.55,0.15,9.34,gesture_5
0.5,0.17,9.4,gesture_5
0.45,0.19,9.11,gesture_5
0.57,0.16,9.36,gesture_5
0.52,0.11,9.33,gesture_5
0.62,0.14,9.66,gesture_5
0.6,0.15,9.35,gesture_5
0.21,0.1,9.82,gesture_5
0.46,0.15,9.33,gesture_5
0.56,0.15,8.82,gesture_5
0.55,0.16,9.38,gesture_5
0.47,0.16,9.44,gesture_5
0.97,0.67,9.62,gesture_5
0.56,0.14,9.39,gesture_5
1.05,-0.17,10.89,gesture_6
1.56,0.1,9.41,gesture_6
1.6,0.14,9.3,gesture_6
1.57,0.16,9.52,gesture_6
1.59,0.09,9.34,gesture_6
1.57,0.11,9.33,gesture_6
1.51,0.09,9.58,gesture_6
1.59,0.11,9.27,gesture_6
1.59,0.13,9.33,gesture_6
1.5,0.09,9.61,gesture_6
1.63,0.15,9.41,gesture_6
1.6,0.13,9.34,gesture_6
1.5,0.14,9.62,gesture_6
1.61,0.15,9.37,gesture_6
1.6,0.11,9.36,gesture_6
1.56,0.14,9.5,gesture_6
1.6,0.11,9.42,gesture_6
1.59,0.1,9.34,gesture_6
1.51,0.1,9.63,gesture_6
0.62,0.14,9.37,gesture_6
0.59,0.14,9.35,gesture_6
0.54,0.16,9.62,gesture_6
0.62,0.14,9.34,gesture_6
0.02,0.44,10.97,gesture_6
0.01,-0.54,10.9,gesture_6
0.57,0.15,9.37,gesture_6
0.17,0.11,9.73,gesture_6
0.64,1.28,11.5,gesture_6
0.58,0.15,9.41,gesture_6
0.56,0.35,9.7,gesture_6
0.77,0.63,10.16,gesture_6
0.57,0.14,9.47,gesture_6
0.56,0.21,9.58,gesture_6
0.75,0.26,8.59,gesture_6
0.54,0.14,9.46,gesture_6
0.63,0.24,9.59,gesture_6
0.65,0.14,8.82,gesture_6
0.58,0.15,9.41,gesture_6
0.52,0.2,9.61,gesture_6
0.63,0.14,9.09,gesture_6
0.59,0.15,9.36,gesture_6
0.52,0.14,9.76,gesture_6
0.71,0.11,9.2,gesture_6
0.6,0.13,9.36,gesture_6
0.5,0.14,9.48,gesture_6
0.64,0.14,9.35,gesture_6
0.12,0.95,14.5,gesture_6
0.56,0.18,9.63,gesture_6
0.6,0.15,9.3,gesture_6
0.84,0.55,9.55,gesture_6
0.53,0.11,9.51,gesture_6
0.63,0.16,9.26,gesture_6
0.76,0.46,9.59,gesture_6
0.41,0.11,9.8,gesture_6
0.6,0.15,9.3,gesture_6
0.21,1.14,-4.55,gesture_6
0.44,0.12,9.53,gesture_6
0.62,0.19,9.31,gesture_6
0.62,0.13,10.05,gesture_6
0.89,0.2,9.72,gesture_6
0.62,0.16,9.39,gesture_6
0.73,0.33,10.18,gesture_6
0.47,0.13,9.56,gesture_6
0.6,0.15,9.34,gesture_6
0.76,0.18,10.05,gesture_6
0.55,0.09,9.71,gesture_6
0.59,0.17,9.33,gesture_6
0.53,0.2,9.61,gesture_6
0.73,0.19,8.83,gesture_6
0.61,0.16,9.47,gesture_6
0.66,0.26,9.53,gesture_6
0.79,0.23,8.92,gesture_6
0.63,0.17,9.39,gesture_6
0.61,0.23,9.54,gesture_6
0.84,0.03,8.68,gesture_6
0.63,0.15,9.43,gesture_6
0.64,0.26,9.67,gesture_6
0.82,0.14,8.94,gesture_6
0.63,0.17,9.38,gesture_6
0.57,0.31,9.46,gesture_6
0.73,0.19,8.74,gesture_6
0.63,0.16,9.4,gesture_6
0.41,0.84,9.47,gesture_6
0.47,0.04,9.74,gesture_6
0.66,0.17,9.34,gesture_6
0.26,0.62,9.42,gesture_6
0.55,0.15,9.43,gesture_6
0.66,0.18,9.4,gesture_6
0.64,0.27,9.5,gesture_6
0.81,0.26,8.89,gesture_6
0.65,0.18,9.41,gesture_6
0.58,0.21,9.59,gesture_6
0.69,0.17,9.19,gesture_6
0.8,0.28,9.05,gesture_6
0.57,0.22,9.67,gesture_6
0.66,0.18,9.3,gesture_6
0.67,0.18,9.31,gesture_6
0.36,0.16,9.56,gesture_6
0.64,0.17,9.39,gesture_6
0.36,-1.07,17.38,gesture_6
0.58,0.23,9.7,gesture_6
0.68,0.17,9.33,gesture_6
0.58,0.24,9.67,gesture_6
0.22,0.05,9.16,gesture_6
0.65,0.17,9.35,gesture_6
0.79,0.73,9.56,gesture_6
0.32,-0.03,9.39,gesture_6
0.65,0.18,9.34,gesture_6
0.29,0.05,9.75,gesture_6
0.87,0.3,8.76,gesture_6
0.61,0.19,9.46,gesture_6
0.6,0.23,9.68,gesture_6
0.8,0.3,9.03,gesture_6
0.62,0.18,9.46,gesture_6
0.61,0.18,9.62,gesture_6
0.76,0.17,8.98,gesture_6
0.66,0.19,9.37,gesture_6
0.62,0.19,9.5,gesture_6
0.64,0.2,8.95,gesture_6
0.69,0.16,9.37,gesture_6
0.46,0.18,9.58,gesture_6
0.82,0.26,9.03,gesture_6
0.67,0.21,9.37,gesture_6
0.64,0.21,9.54,gesture_6
0.6,0.23,9.11,gesture_6
0.66,0.2,9.41,gesture_6
0.67,0.25,9.57,gesture_6
0.64,0.16,9.2,gesture_6
0.67,0.19,9.37,gesture_6
0.62,0.23,9.62,gesture_6
0.81,0.24,8.79,gesture_6
0.69,0.2,9.32,gesture_6
0.64,0.21,9.64,gesture_6
0.76,0.2,9.07,gesture_6
0.69,0.2,9.31,gesture_6
0.61,0.25,9.6,gesture_6
0.81,0.23,8.83,gesture_6
0.69,0.22,9.32,gesture_6
0.58,0.22,9.47,gesture_6
0.8,0.26,8.84,gesture_6
0.71,0.21,9.31,gesture_6
0.64,0.22,9.41,gesture_6
0.79,0.23,8.9,gesture_6
0.7,0.19,9.3,gesture_6
0.59,0.21,9.46,gesture_6
0.76,0.25,8.97,gesture_6
0.71,0.19,9.33,gesture_6
0.63,0.19,9.48,gesture_6
0.74,0.22,9.28,gesture_6
0.68,0.2,9.32,gesture_6
0.61,0.2,9.52,gesture_6
0.51,0.23,9.39,gesture_6
0.72,0.22,9.35,gesture_6
0.62,0.24,9.54,gesture_6
0.69,0.23,9.26,gesture_6
0.72,-1.89,-2.8,gesture_6
0.53,0.15,9.5,gesture_6
0.69,0.21,9.29,gesture_6
0.95,0.79,9.39,gesture_6
0.54,0.19,9.48,gesture_6
0.66,0.2,9.34,gesture_6
0.14,-0.01,10.01,gesture_6
0.98,0.4,8.93,gesture_6
0.66,0.22,9.43,gesture_6
0.66,0.28,9.46,gesture_6
0.85,0.35,8.86,gesture_6
0.69,0.24,9.46,gesture_6
0.64,0.22,9.34,gesture_6
0.76,0.22,9.01,gesture_6
0.7,0.24,9.41,gesture_6
0.65,0.22,9.48,gesture_6
0.85,0.31,8.89,gesture_6
0.71,0.24,9.35,gesture_6
0.74,0.3,9.62,gesture_6
0.78,0.26,9.11,gesture_6
0.71,0.24,9.34,gesture_6
0.68,0.25,9.45,gesture_6
0.92,0.31,8.74,gesture_6
0.72,0.22,9.34,gesture_6
0.68,0.29,9.4,gesture_6
0.74,0.03,9.13,gesture_6
0.75,0.26,9.36,gesture_6
0.64,0.27,9.72,gesture_6
0.94,0.39,8.96,gesture_6
0.72,0.23,9.4,gesture_6
0.72,0.32,9.39,gesture_6
0.47,0.26,9.26,gesture_6
0.74,0.27,9.37,gesture_6
0.67,0.24,9.33,gesture_6
0.72,0.18,8.86,gesture_6
0.72,0.25,9.37,gesture_6
0.65,0.24,9.52,gesture_6
0.92,0.28,8.71,gesture_6
0.72,0.25,9.34,gesture_6
0.61,0.22,9.43,gesture_6
0.87,0.27,8.72,gesture_6
0.72,0.24,9.34,gesture_6
0.65,0.3,9.55,gesture_6
0.75,0.23,9.1,gesture_6
0.74,0.86,6.35,gesture_6
0.66,0.22,9.52,gesture_6
0.77,0.26,9.25,gesture_6
0.18,1.23,13.06,gesture_6
0.64,0.22,9.44,gesture_6
0.77,0.25,9.29,gesture_6
0.89,0.54,10.17,gesture_6
0.31,0.08,9.56,gesture_6
0.73,0.26,9.36,gesture_6
0.42,0.08,9.71,gesture_6
0.04,0.15,9.41,gesture_6
0.72,0.26,9.44,gesture_6
0.71,0.3,9.49,gesture_6
0.71,0.49,9.52,gesture_6
0.73,0.26,9.41,gesture_6
0.7,0.28,9.5,gesture_6
0.58,0.14,8.99,gesture_6
0.72,0.27,9.4,gesture_6
0.66,0.27,9.66,gesture_6
0.98,0.87,9.26,gesture_6
0.74,0.24,9.42,gesture_6
0.69,0.26,9.57,gesture_6
0.83,0.31,8.83,gesture_6
0.72,0.26,9.36,gesture_6
0.47,0.21,9.62,gesture_6
0.95,0.38,8.68,gesture_6
0.73,0.26,9.44,gesture_6
0.64,0.28,9.58,gesture_6
0.85,0.33,8.57,gesture_6
0.74,0.26,9.44,gesture_6
0.64,0.25,9.69,gesture_6
0.03,0.35,8.99,gesture_6
0.75,0.27,9.39,gesture_6
0.76,0.37,9.61,gesture_6
0.93,0.37,8.89,gesture_6
0.75,0.26,9.48,gesture_6
0.74,0.26,9.71,gesture_6
0.87,0.4,8.84,gesture_6
0.72,0.23,9.45,gesture_6
0.73,0.33,9.75,gesture_6
0.97,0.35,9.12,gesture_6
0.73,0.25,9.45,gesture_6
0.77,0.37,9.59,gesture_6
0,0.39,8.59,gesture_6
0.74,0.25,9.41,gesture_6
0.64,0.36,9.63,gesture_6
0.74,0.28,8.93,gesture_6
0.76,0.28,9.45,gesture_6
0.71,0.32,9.61,gesture_6
0.55,0.24,8.98,gesture_6
0.75,0.29,9.44,gesture_6
0.71,0.34,9.64,gesture_6
0.73,0.27,8.91,gesture_6
0.73,0.28,9.44,gesture_6
0.64,0.31,9.73,gesture_6
0.88,0.54,9.01,gesture_6
0.74,0.28,9.45,gesture_6
0.81,0.33,9.55,gesture_6
0.98,0.38,8.98,gesture_6
0.74,0.27,9.39,gesture_6
0.69,0.26,9.43,gesture_6
0.03,0.41,8.88,gesture_6
0.78,0.27,9.37,gesture_6
0.67,0.29,9.51,gesture_6
0.89,0.31,8.9,gesture_6
0.75,0.29,9.34,gesture_6
0.65,0.29,9.53,gesture_6
0.78,0.32,8.87,gesture_6
0.77,0.27,9.34,gesture_6
0.63,0.25,9.57,gesture_6
0.79,0.27,9.21,gesture_6
0.72,1.64,-5.37,gesture_6
0.64,0.2,9.6,gesture_6
0.82,0.3,9.21,gesture_6
0.95,0.45,9.31,gesture_6
0.62,0.19,9.52,gesture_6
0.77,0.25,9.46,gesture_6
0.53,0.14,10.21,gesture_6
0.64,0.18,9.57,gesture_6
0.75,0.29,9.27,gesture_6
0.3,-0.02,9.73,gesture_6
0.04,0.41,9.19,gesture_6
0.66,0.36,9.48,gesture_6
0.46,0.21,10.21,gesture_6
0.67,-0.16,9.97,gesture_6
0.65,0.23,9.31,gesture_6
0.01,-3.22,7.41,gesture_6
0.61,0.24,9.26,gesture_6
0.67,0.28,9.31,gesture_6
0.8,-2.84,-6.49,gesture_6
0.59,0.21,9.26,gesture_6
0.72,0.27,9.41,gesture_6
0.77,0.73,9.74,gesture_6
0.42,0.22,9.63,gesture_6
0.69,0.28,9.3,gesture_6
0.91,0.96,9.4,gesture_6
0.57,2.24,12.19,gesture_6
0.74,0.28,9.42,gesture_6
0.07,1.09,9.92,gesture_6
0.54,0.22,9.35,gesture_6
0.72,0.29,9.34,gesture_6
0.1,1.44,12.54,gesture_6
0.63,0.32,9.35,gesture_6
0.8,0.4,8.78,gesture_6
0.74,0.28,9.25,gesture_6
0.61,0.26,9.52,gesture_6
0.72,0.28,9.38,gesture_6
0.98,0.96,10.33,gesture_6
0.57,0.23,9.46,gesture_6
0.74,0.27,9.47,gesture_6
0.64,1.4,12.58,gesture_6
0.61,0.27,9.44,gesture_6
0.34,0.31,9.54,gesture_6
0.69,0.31,9.28,gesture_6
