{
  "version": 1,
  "author": "Anonymous maker",
  "editor": "wokwi",
  "parts": [
    { "type": "wokwi-arduino-uno", "id": "uno", "top": 0, "left": 0, "attrs": {} },
    { "type": "wokwi-mpu6050", "id": "imu1", "top": -82.58, "left": 98.32, "attrs": {} }
  ],
  "connections": [
    [ "imu1:VCC", "uno:3.3V", "red", [ "v0" ] ],
    [ "imu1:GND", "uno:GND.2", "black", [ "v0" ] ],
    [ "imu1:SCL", "uno:A5", "green", [ "v0" ] ],
    [ "imu1:SDA", "uno:A4", "green", [ "v268.8", "h96.08" ] ]
  ],
  "dependencies": {}
}